,auc,f1,accuracy,precision,recall,kappa
rt,0.729063457136,0.573170731707,0.944,0.725868725869,0.47355163728,0.544619780286
gbc,0.763438421225,0.64167916042,0.9522,0.792592592593,0.539042821159,0.617063275887
ets,0.633413155696,0.40831758034,0.9374,0.818181818182,0.272040302267,0.383904838689
lr,0.498587877471,0.0,0.918,0.0,0.0,-0.00506060270298
ab,0.766603042261,0.572877059569,0.9326,0.576530612245,0.569269521411,0.536291964889
dt,0.724471117566,0.35843373494,0.8296,0.255639097744,0.599496221662,0.278062278483
voting,0.753905978523,0.62996941896,0.9516,0.801556420233,0.518891687657,0.605341523095
